sid,id,position,created_at,created_meta,updated_at,updated_meta,meta,when,Year,NAICS,Alberta,Alberta_Yearly,BritishColumbia,BritishColumbia_Yearly,Canada,Canada_Yearly,Manitoba,Manitoba_Yearly,NewBrunswick,NewBrunswick_Yearly,NewfoundlandAndLabrador,NewfoundlandAndLabrador_Yearly,NovaScotia,NovaScotia_Yearly,Ontario,Ontario_Yearly,PrinceEdwardIsland,PrinceEdwardIsland_Yearly,Quebec,Quebec_Yearly,Saskatchewan,Saskatchewan_Yearly
5555,B8156EED-2420-4B71-A56C-57DED1FA7CEC,5555,1435599444,710753,1435599444,710753,,2001-02-01T00:00:00,2001,Industrial aggregate excluding unclassified businesses,670.52,34867.04,659.33,34285.16,655.79,34101.08,580.63,30192.76,585.11,30425.72,591.92,30779.84,570.06,29643.12,693.69,36071.88,532.02,27665.04,623.93,32444.36,595.09,30944.68
5556,A8D7795E-40FA-4923-AB52-CA8536DAAD7A,5556,1435599444,710753,1435599444,710753,,2001-03-01T00:00:00,2001,Industrial aggregate excluding unclassified businesses,668.49,34761.48,654.07,34011.64,655.88,34105.76,578.67,30090.84,584.13,30374.76,593.47,30860.44,570.7,29676.4,697.08,36248.16,534.71,27804.92,622.94,32392.88,589.09,30632.68
5557,8373DAD3-2886-4DAD-AFE8-84DB8C0F414E,5557,1435599444,710753,1435599444,710753,,2001-04-01T00:00:00,2001,Industrial aggregate excluding unclassified businesses,671.71,34928.92,657.15,34171.8,654.09,34012.68,576.36,29970.72,580.92,30207.84,591.96,30781.92,568.7,29572.4,693.73,36073.96,522.5,27170,619.12,32194.24,589.37,30647.24
5558,05DB3E97-35EC-4F75-891B-3F6C696CDEE0,5558,1435599444,710753,1435599444,710753,,2001-05-01T00:00:00,2001,Industrial aggregate excluding unclassified businesses,664.45,34551.4,653.23,33967.96,650.02,33801.04,571.84,29735.68,578.44,30078.88,588.19,30585.88,567.96,29533.92,688.27,35790.04,522.31,27160.12,618.9,32182.8,587.41,30545.32
5559,9F6DC880-A4F1-4149-A43F-23E9E9BF2270,5559,1435599444,710753,1435599444,710753,,2001-06-01T00:00:00,2001,Industrial aggregate excluding unclassified businesses,675.72,35137.44,661.49,34397.48,658.06,34219.12,588.66,30610.32,582.79,30305.08,591.85,30776.2,576.42,29973.84,697.37,36263.24,529.47,27532.44,623.5,32422,597.65,31077.8
5560,0F6988BE-1D70-4546-A854-15C677B99316,5560,1435599444,710753,1435599444,710753,,2001-07-01T00:00:00,2001,Industrial aggregate excluding unclassified businesses,672.96,34993.92,655.63,34092.76,655.38,34079.76,586.31,30488.12,580.57,30189.64,590.91,30727.32,576.16,29960.32,696.65,36225.8,509.55,26496.6,619.98,32238.96,590.31,30696.12
5561,6BE8C5BD-E455-4573-A299-F41CC57DB7DB,5561,1435599444,710753,1435599444,710753,,2001-08-01T00:00:00,2001,Industrial aggregate excluding unclassified businesses,673.6,35027.2,653.55,33984.6,655.54,34088.08,592.32,30800.64,602.85,31348.2,593.53,30863.56,579.54,30136.08,691.09,35936.68,534.47,27792.44,625.05,32502.6,598.63,31128.76
5562,9C61FF04-EA5F-4548-9E21-BA4F29B1E325,5562,1435599444,710753,1435599444,710753,,2001-09-01T00:00:00,2001,Industrial aggregate excluding unclassified businesses,692.18,35993.36,659.15,34275.8,660.5,34346,587.73,30561.96,594.41,30909.32,600.95,31249.4,576.75,29991,699.48,36372.96,531.89,27658.28,622.17,32352.84,600.95,31249.4
5563,2538F70D-9A3D-45F0-A6BE-4A3744AF6372,5563,1435599444,710753,1435599444,710753,,2001-10-01T00:00:00,2001,Industrial aggregate excluding unclassified businesses,693.13,36042.76,664.43,34550.36,661.11,34377.72,587.39,30544.28,595.74,30978.48,596.49,31017.48,582.77,30304.04,697.06,36247.12,535.24,27832.48,623.8,32437.6,603.69,31391.88
5564,E29C2CFE-AD1B-4F77-A0B9-86970CB6FA88,5564,1435599444,710753,1435599444,710753,,2001-11-01T00:00:00,2001,Industrial aggregate excluding unclassified businesses,675.8,35141.6,655.07,34063.64,659.65,34301.8,586.56,30501.12,598.11,31101.72,585.27,30434.04,583.15,30323.8,701.04,36454.08,535.62,27852.24,625.83,32543.16,590.9,30726.8
5565,C056C58D-CAAE-409E-A994-D20291F4F053,5565,1435599444,710753,1435599444,710753,,2001-12-01T00:00:00,2001,Industrial aggregate excluding unclassified businesses,674.09,35052.68,658.72,34253.44,661.38,34391.76,593.03,30837.56,602.37,31323.24,594.03,30889.56,594.16,30896.32,697.61,36275.72,559.8,29109.6,631.09,32816.68,605.77,31500.04
5566,5ADDCDBD-6B8D-483F-A6F3-B4D9E939BC9A,5566,1435599444,710753,1435599444,710753,,2002-01-01T00:00:00,2002,Industrial aggregate excluding unclassified businesses,683.11,35521.72,655.56,34089.12,664.21,34538.92,589.62,30660.24,599.19,31157.88,599.19,31157.88,591.75,30771,698.73,36333.96,562.6,29255.2,638.98,33226.96,604.17,31416.84
5567,DB96E5DC-002A-4F7A-97F2-7066CCC3E645,5567,1435599444,710753,1435599444,710753,,2002-02-01T00:00:00,2002,Industrial aggregate excluding unclassified businesses,688.54,35804.08,665.24,34592.48,662.65,34457.8,594.31,30904.12,596.29,31007.08,590.37,30699.24,586.6,30503.2,699.15,36355.8,551.04,28654.08,625.51,32526.52,599.27,31162.04
5568,B905BAA7-40B0-4BE3-9F8C-7F0F079053E1,5568,1435599444,710753,1435599444,710753,,2002-03-01T00:00:00,2002,Industrial aggregate excluding unclassified businesses,692.57,36013.64,676.82,35194.64,666.93,34680.36,597.55,31072.6,601.49,31277.48,600.05,31202.6,589.95,30677.4,703.71,36592.92,565.53,29407.56,625.05,32502.6,605.13,31466.76
5569,C4EA174C-07F7-456C-8EBF-F1B35A88FED7,5569,1435599444,710753,1435599444,710753,,2002-04-01T00:00:00,2002,Industrial aggregate excluding unclassified businesses,695.96,36189.92,679.44,35330.88,674.6,35079.2,601.36,31270.72,604.18,31417.36,604.78,31448.56,595.2,30950.4,711.85,37016.2,558.95,29065.4,638.81,33218.12,611.67,31806.84
5570,8BEC0293-0E3F-47A0-A977-EDECC9753D76,5570,1435599444,710753,1435599444,710753,,2002-05-01T00:00:00,2002,Industrial aggregate excluding unclassified businesses,680.85,35404.2,666.55,34660.6,669.81,34830.12,597.94,31092.88,603.29,31371.08,611.06,31775.12,598.47,31120.44,706.47,36736.44,560.3,29135.6,643.68,33471.36,598.18,31105.36
5571,DAA5936E-C5E0-4D99-A5EF-C160D08C8B36,5571,1435599444,710753,1435599444,710753,,2002-06-01T00:00:00,2002,Industrial aggregate excluding unclassified businesses,693.46,36059.92,667.02,34685.04,671.76,34931.52,602.12,31310.24,604.21,31418.92,607.08,31568.16,601.48,31276.96,711.41,36993.32,562.65,29257.8,637.1,33129.2,603.64,31389.28
5572,91B8E5AD-A97E-4DA4-A877-5726D1D9D4C8,5572,1435599444,710753,1435599444,710753,,2002-07-01T00:00:00,2002,Industrial aggregate excluding unclassified businesses,694.92,36135.84,671.04,34894.08,675.49,35125.48,607.44,31586.88,604.91,31455.32,607.55,31592.6,604.48,31432.96,716.17,37240.84,540.74,28118.48,640.26,33293.52,610.15,31727.8
5573,45DF1C45-3292-40B5-B92F-61320156A774,5573,1435599444,710753,1435599444,710753,,2002-08-01T00:00:00,2002,Industrial aggregate excluding unclassified businesses,684.47,35592.44,661.43,34394.36,668.37,34755.24,603.27,31370.04,598.43,31118.36,604.04,31410.08,593,30836,707.61,36795.72,541,28132,637.98,33174.96,601.88,31297.76
5574,BB5173E0-B17E-4222-BC6B-D96E73775778,5574,1435599444,710753,1435599444,710753,,2002-09-01T00:00:00,2002,Industrial aggregate excluding unclassified businesses,696.89,36238.28,676.77,35192.04,674.85,35092.2,604.2,31418.4,602.88,31349.76,612.71,31860.92,591.76,30771.52,715.92,37227.84,549.76,28587.52,635,33020,614.12,31934.24
5575,7493CEBA-0C87-4701-A24B-09B5126317E0,5575,1435599444,710753,1435599444,710753,,2002-10-01T00:00:00,2002,Industrial aggregate excluding unclassified businesses,694.75,36127,666.65,34665.8,679.36,35326.72,604.21,31418.92,614.14,31935.28,618.29,32151.08,598.8,31137.6,718.94,37384.88,557.49,28989.48,653.22,33967.44,610.46,31743.92
5576,A56D66E0-061C-4310-89F8-65B4C5AA59E5,5576,1435599444,710753,1435599444,710753,,2002-11-01T00:00:00,2002,Industrial aggregate excluding unclassified businesses,702.92,36551.84,682.7,35500.4,680.13,35366.76,619.95,32237.4,609.87,31713.24,622.08,32348.16,598.29,31111.08,719.97,37438.44,565.05,29382.6,638.4,33196.8,619.96,32237.92
5577,1F70B3FE-BD5F-4367-8FF2-AD08D4FF0EBD,5577,1435599444,710753,1435599444,710753,,2002-12-01T00:00:00,2002,Industrial aggregate excluding unclassified businesses,704.6,36639.2,687.48,35748.96,686.19,35681.88,624.44,32470.88,611.5,31798,629.78,32748.56,609.86,31712.72,722.11,37549.72,578.68,30091.36,652.01,33904.52,628.34,32673.68
5578,504ADB8F-F66F-4CE5-9087-58822450AA6F,5578,1435599444,710753,1435599444,710753,,2003-01-01T00:00:00,2003,Industrial aggregate excluding unclassified businesses,703.22,36567.44,680.11,35365.72,681.49,35437.48,617.27,32098.04,612.6,31855.2,624.96,32497.92,607.06,31567.12,716.52,37259.04,575.74,29938.48,647.76,33683.52,622.08,32348.16
5579,1DC723E6-5DD8-4320-9214-BEA738BBDABE,5579,1435599444,710753,1435599444,710753,,2003-02-01T00:00:00,2003,Industrial aggregate excluding unclassified businesses,721.01,37492.52,690.65,35913.8,690.54,35908.08,618.41,32157.32,614.48,31952.96,636.75,33111,607.21,31574.92,728.11,37861.72,575.82,29942.64,651.18,33861.36,632.02,32865.04
5580,552A4EDD-F3F2-405F-989F-DFE7F2A8449F,5580,1435599444,710753,1435599444,710753,,2003-03-01T00:00:00,2003,Industrial aggregate excluding unclassified businesses,708.69,36851.88,679.43,35330.36,682.94,35512.88,613.23,31887.96,611.07,31775.64,629.32,32724.64,605.46,31483.92,721.34,37509.68,564.34,29345.68,645.06,33543.12,623.45,32419.4
5581,D13C3EEB-7B37-4221-9DCB-068C5CB987B2,5581,1435599444,710753,1435599444,710753,,2003-04-01T00:00:00,2003,Industrial aggregate excluding unclassified businesses,716.16,37240.32,685.81,35662.12,686.99,35723.48,613.37,31895.24,615.02,31981.04,636.17,33080.84,611.04,31774.08,723.04,37598.08,565.33,29397.16,650.32,33816.64,631.06,32815.12
5582,D2EEFC2A-CA63-451C-981D-A2986EAF1CFD,5582,1435599444,710753,1435599444,710753,,2003-05-01T00:00:00,2003,Industrial aggregate excluding unclassified businesses,697.56,36273.12,675.68,35135.36,683.63,35548.76,609.06,31671.12,612.55,31852.6,641.92,33379.84,613.51,31902.52,721.47,37516.44,569.65,29621.8,655.06,34063.12,621.18,32301.36
5583,E2B19D27-C5F3-4AD1-9646-ABAF887FA6DC,5583,1435599444,710753,1435599444,710753,,2003-06-01T00:00:00,2003,Industrial aggregate excluding unclassified businesses,717.2,37294.4,690.12,35886.24,692.58,36014.16,619.38,32207.76,617.83,32127.16,648.53,33723.56,614.96,31977.92,730.87,38005.24,571.59,29722.68,656.8,34153.6,639.94,33276.88
5584,26E62F97-42B8-43B7-8645-2A7A9EE68D4C,5584,1435599444,710753,1435599444,710753,,2003-07-01T00:00:00,2003,Industrial aggregate excluding unclassified businesses,711.94,37020.88,672.89,34990.28,689.06,35831.12,612.14,31831.28,620.46,32263.92,652.13,33910.76,610.28,31734.56,725.97,37750.44,550.7,28636.4,664.96,34577.92,624.79,32489.08
5585,F8957732-B5CB-45D1-8CE4-D4F315CA30F0,5585,1435599444,710753,1435599444,710753,,2003-08-01T00:00:00,2003,Industrial aggregate excluding unclassified businesses,721.01,37492.52,687.68,35759.36,690.3,35895.6,621.83,32335.16,620.38,32259.76,650.1,33805.2,611.49,31797.48,729.97,37958.44,558.38,29035.76,648.06,33699.12,636.91,33119.32
5586,69A264CA-263A-4F4F-B81D-7CD2E103FAD3,5586,1435599444,710753,1435599444,710753,,2003-09-01T00:00:00,2003,Industrial aggregate excluding unclassified businesses,734.12,38174.24,694.58,36118.16,698.22,36307.44,625.76,32539.52,627.1,32609.2,642.94,33432.88,610,31720,736.56,38301.12,575.64,29933.28,658.48,34240.96,647.21,33654.92
5587,67971CB3-E1CC-44F6-9A3A-D632D7407685,5587,1435599444,710753,1435599444,710753,,2003-10-01T00:00:00,2003,Industrial aggregate excluding unclassified businesses,716.88,37277.76,687.63,35756.76,696.61,36223.72,623.77,32436.04,626.28,32566.56,629.39,32728.28,609.47,31692.44,735.77,38260.04,573.32,29812.64,667.28,34698.56,635.79,33061.08
5588,CAA6FD86-1647-4932-AFAD-D2E064C01D0A,5588,1435599444,710753,1435599444,710753,,2003-11-01T00:00:00,2003,Industrial aggregate excluding unclassified businesses,732.11,38069.72,698.13,36302.76,699.9,36394.8,623.69,32431.88,631.2,32822.4,643.69,33471.88,610.64,31753.28,736.44,38294.88,580.7,30196.4,663.95,34525.4,642.95,33433.4
5589,5900E84C-32A3-4D3C-AF30-73B301DAFFB7,5589,1435599444,710753,1435599444,710753,,2003-12-01T00:00:00,2003,Industrial aggregate excluding unclassified businesses,722.9,37590.8,687.28,35738.56,699.47,36372.44,631.05,32814.6,623.87,32441.24,639.71,33264.92,618.84,32179.68,736.87,38317.24,585.19,30429.88,669.42,34809.84,645.72,33577.44
5590,0ECC4723-579C-4A42-BBCF-00D176A74A37,5590,1435599444,710753,1435599444,710753,,2004-01-01T00:00:00,2004,Industrial aggregate excluding unclassified businesses,730.59,37990.68,692.67,36018.84,702.75,36543,632.77,32904.04,631.8,32853.6,646.17,33600.84,615.09,31984.68,745.6,38771.2,590.41,30701.32,661.51,34398.52,641.73,33369.96
5591,119514FC-09E4-4E3C-B678-96F395075B11,5591,1435599444,710753,1435599444,710753,,2004-02-01T00:00:00,2004,Industrial aggregate excluding unclassified businesses,740.74,38518.48,700.11,36405.72,705.91,36707.32,632.57,32893.64,626.71,32588.92,654.02,34009.04,611,31772,747.62,38876.24,576.66,29986.32,663,34476,643.18,33445.36
5592,31091D72-D642-4205-9D0A-7F7D97A6A3FE,5592,1435599444,710753,1435599444,710753,,2004-03-01T00:00:00,2004,Industrial aggregate excluding unclassified businesses,746.86,38836.72,697.32,36260.64,705.77,36700.04,629.28,32722.56,623.13,32402.76,656.38,34131.76,617.98,32134.96,745.37,38759.24,580.73,30197.96,663.84,34519.68,646.91,33639.32
5593,746BB6AF-E5C1-4322-AD69-5EFA8333E6C0,5593,1435599444,710753,1435599444,710753,,2004-04-01T00:00:00,2004,Industrial aggregate excluding unclassified businesses,726.46,37775.92,689.84,35871.68,704.91,36655.32,628.24,32668.48,621.01,32292.52,642.1,33389.2,619.96,32237.92,748.34,38913.68,586.3,30487.6,671.42,34913.84,635.02,33021.04
5594,DFDFDA74-2E50-4C02-9C95-4B9C6AE7F3DD,5594,1435599444,710753,1435599444,710753,,2004-05-01T00:00:00,2004,Industrial aggregate excluding unclassified businesses,735.63,38252.76,693.88,36081.76,709.16,36876.32,633.74,32954.48,629.23,32719.96,671.62,34924.24,630.93,32808.36,750.96,39049.92,606.63,31544.76,672.21,34954.92,655.08,34064.16
5595,236583AE-5A67-4FF6-84B8-D6ADD44A1782,5595,1435599444,710753,1435599444,710753,,2004-06-01T00:00:00,2004,Industrial aggregate excluding unclassified businesses,731.5,38038,689.72,35865.44,707.28,36778.56,633.04,32918.08,625.84,32543.68,658.03,34217.56,627.55,32632.6,748.35,38914.2,589.09,30632.68,676.27,35166.04,648.67,33730.84
5596,4FCFE844-57D7-412B-B2B8-27B35D601D62,5596,1435599444,710753,1435599444,710753,,2004-07-01T00:00:00,2004,Industrial aggregate excluding unclassified businesses,731.59,38042.68,692.59,36014.68,706.16,36720.32,631.24,32824.48,623.59,32426.68,660.96,34369.92,627.41,32625.32,747.8,38885.6,570.53,29667.56,671.36,34910.72,652.82,33946.64
5597,899EF3DE-AF8A-4C83-922E-EB3C0C881C4C,5597,1435599444,710753,1435599444,710753,,2004-08-01T00:00:00,2004,Industrial aggregate excluding unclassified businesses,746.79,38833.08,699.22,36359.44,707.49,36789.48,636.22,33083.44,621.98,32342.96,651.47,33876.44,627.45,32627.4,745.36,38758.72,563.7,29312.4,669.03,34789.56,656.69,34147.88
5598,05C176C8-9EB7-449A-B9F0-C4C2BA542FB3,5598,1435599444,710753,1435599444,710753,,2004-09-01T00:00:00,2004,Industrial aggregate excluding unclassified businesses,743.73,38673.96,691.92,35979.84,711.68,37007.36,635.1,33025.2,629.05,32710.6,649.74,33786.48,627.34,32621.68,744.54,38716.08,577.92,30051.84,693.36,36054.72,651.57,33881.64
5599,DF676A46-A6E3-4C9E-8DCC-D41CBFEAECCA,5599,1435599444,710753,1435599444,710753,,2004-10-01T00:00:00,2004,Industrial aggregate excluding unclassified businesses,746.81,38834.12,706.07,36715.64,711.51,36998.52,651.13,33858.76,632.33,32881.16,659.98,34318.96,630.28,32774.56,750.17,39008.84,584.74,30406.48,668.87,34781.24,662.06,34427.12
5600,AD24454F-8F8A-4633-B6AA-55A76051144A,5600,1435599444,710753,1435599444,710753,,2004-11-01T00:00:00,2004,Industrial aggregate excluding unclassified businesses,761.41,39593.32,709.57,36897.64,716.23,37243.96,648.86,33740.72,634.31,32984.12,656.19,34121.88,627.25,32617,753.11,39161.72,593.43,30858.36,673.86,35040.72,669.35,34806.2
5601,91381916-9DFC-437A-A656-808B3BE8FB3E,5601,1435599444,710753,1435599444,710753,,2004-12-01T00:00:00,2004,Industrial aggregate excluding unclassified businesses,747.23,38855.96,705.55,36688.6,720.44,37462.88,647.95,33693.4,643.32,33452.64,659.31,34284.12,643.97,33486.44,758.94,39464.88,607.09,31568.68,688.18,35785.36,666.76,34671.52
5602,E4D94798-2653-4481-A8F9-602F8663799D,5602,1435599444,710753,1435599444,710753,,2005-01-01T00:00:00,2005,Industrial aggregate excluding unclassified businesses,764.65,39761.8,715.99,37231.48,725.89,37746.28,658.96,34265.92,652.63,33936.76,672.41,34965.32,647.98,33694.96,764.64,39761.28,604.08,31412.16,681.06,35415.12,681.22,35423.44
5603,E4BBDA62-1993-4A60-958E-0279D898C9CB,5603,1435599444,710753,1435599444,710753,,2005-02-01T00:00:00,2005,Industrial aggregate excluding unclassified businesses,785.75,40859,726.15,37759.8,736.62,38304.24,659.63,34300.76,654.11,34013.72,677.05,35206.6,654.51,34034.52,776.3,40367.6,609.09,31672.68,690.69,35915.88,680.44,35382.88
5604,DBB7FC76-6F71-409D-A2A7-95864E9D013C,5604,1435599444,710753,1435599444,710753,,2005-03-01T00:00:00,2005,Industrial aggregate excluding unclassified businesses,753.61,39187.72,701.01,36452.52,725.46,37723.92,657.92,34211.84,649.99,33799.48,664.54,34556.08,647.21,33654.92,763.68,39711.36,601.43,31274.36,698.83,36339.16,660.71,34356.92
5605,99B7B90A-C5BA-4852-B616-B1374251242E,5605,1435599444,710753,1435599444,710753,,2005-04-01T00:00:00,2005,Industrial aggregate excluding unclassified businesses,768.57,39965.64,723.27,37610.04,730.08,37964.16,657.87,34209.24,650.5,33826,676.23,35163.96,646.68,33627.36,773.07,40199.64,603.32,31372.64,681.96,35461.92,669.64,34821.28
5606,D1DB23DE-8727-4E73-8A3C-40D1DF0C6CEC,5606,1435599444,710753,1435599444,710753,,2005-05-01T00:00:00,2005,Industrial aggregate excluding unclassified businesses,777.96,40453.92,724.58,37678.16,732.58,38094.16,660.31,34336.12,648.88,33741.76,681.5,35438,654.89,34054.28,772.7,40180.4,599.84,31191.68,685.59,35650.68,679.13,35314.76
5607,6E02651B-09B0-48D9-9264-716DA493FC24,5607,1435599444,710753,1435599444,710753,,2005-06-01T00:00:00,2005,Industrial aggregate excluding unclassified businesses,769.72,40025.44,717.59,37314.68,737.03,38325.56,668.97,34786.44,651.25,33865,681.86,35456.72,658.26,34229.52,780.19,40569.88,596.32,31008.64,700.16,36408.32,673.19,35005.88
5608,265649DE-E7B1-47EB-B966-06C6662659C4,5608,1435599444,710753,1435599444,710753,,2005-07-01T00:00:00,2005,Industrial aggregate excluding unclassified businesses,774.32,40264.64,717.79,37325.08,732.72,38101.44,664.86,34572.72,650.55,33828.6,687.9,35770.8,655.07,34063.64,771.46,40115.92,594.02,30889.04,694.08,36092.16,675.98,35150.96
5609,909D285D-C33F-48EB-9F4A-3FBFD65BDFD3,5609,1435599444,710753,1435599444,710753,,2005-08-01T00:00:00,2005,Industrial aggregate excluding unclassified businesses,788.82,41018.64,721.83,37535.16,737.25,38337,668.22,34747.44,650.25,33813,684.16,35576.32,658.37,34235.24,775.08,40304.16,589.19,30637.88,695.62,36172.24,685.14,35627.28
5610,49ECAC21-F25A-4755-81EA-EB3E01A1D206,5610,1435599444,710753,1435599444,710753,,2005-09-01T00:00:00,2005,Industrial aggregate excluding unclassified businesses,797.72,41481.44,732.94,38112.88,750.15,39007.8,676.45,35175.4,662.76,34463.52,687.48,35748.96,667.95,34733.4,789.46,41051.92,602.71,31340.92,712.43,37046.36,685.41,35641.32
5611,11D7186E-E369-44A8-8D20-5469BD54D28E,5611,1435599444,710753,1435599444,710753,,2005-10-01T00:00:00,2005,Industrial aggregate excluding unclassified businesses,806.67,41946.84,727.07,37807.64,745,38740,672.92,34991.84,664.33,34545.16,694.49,36113.48,665.19,34589.88,784.1,40773.2,605.55,31488.6,697.21,36254.92,693.74,36074.48
5612,25E7B8D5-1DCB-41EA-8E4F-D0866784301C,5612,1435599444,710753,1435599444,710753,,2005-11-01T00:00:00,2005,Industrial aggregate excluding unclassified businesses,813.68,42311.36,734.55,38196.6,744.12,38694.24,669.69,34823.88,663.52,34503.04,689.05,35830.6,664.16,34536.32,780.22,40571.44,611.13,31778.76,692.79,36025.08,691.75,35971
5613,74389658-58C1-4225-AC3E-AB5794CA7F4D,5613,1435599444,710753,1435599444,710753,,2005-12-01T00:00:00,2005,Industrial aggregate excluding unclassified businesses,795.73,41377.96,731.04,38014.08,744.96,38737.92,671.9,34938.8,663.38,34495.76,689.01,35828.52,665.35,34598.2,782.1,40669.2,625.42,32521.84,703.33,36573.16,688.49,35801.48
5614,E2770A54-5AB8-47A4-95A3-F0A447998600,5614,1435599444,710753,1435599444,710753,,2006-01-01T00:00:00,2006,Industrial aggregate excluding unclassified businesses,809.2,42078.4,737.46,38347.92,745.92,38787.84,675.3,35115.6,667.62,34716.24,696.36,36210.72,670.78,34880.56,784.57,40797.64,624.49,32473.48,688.28,35790.56,703.69,36591.88
5615,D1F8F5B0-130C-46E1-B346-C16C5D2C6088,5615,1435599444,710753,1435599444,710753,,2006-02-01T00:00:00,2006,Industrial aggregate excluding unclassified businesses,820.63,42672.76,745.92,38787.84,750.88,39045.76,676.03,35153.56,667.28,34698.56,696.93,36240.36,668.33,34753.16,787.84,40967.68,615.44,32002.88,694.78,36128.56,697.29,36259.08
5616,7A824CBF-5CEC-438D-8F73-C8E219347A62,5616,1435599444,710753,1435599444,710753,,2006-03-01T00:00:00,2006,Industrial aggregate excluding unclassified businesses,810.53,42147.56,733.18,38125.36,750.57,39029.64,677.82,35246.64,666.39,34652.28,697.16,36252.32,669.46,34811.92,785.61,40851.72,619.78,32228.56,709.13,36874.76,694.58,36118.16
5617,A0B9FA2C-053A-405E-A04D-3228314FC1E3,5617,1435599444,710753,1435599444,710753,,2006-04-01T00:00:00,2006,Industrial aggregate excluding unclassified businesses,820.94,42688.88,744.35,38706.2,750.57,39029.64,675.59,35130.68,668.49,34761.48,706.22,36723.44,667.61,34715.72,783.55,40744.6,621.81,32334.12,699.77,36388.04,705.73,36697.96
5618,4EA61C5A-0190-41C5-B761-53887DADF79F,5618,1435599444,710753,1435599444,710753,,2006-05-01T00:00:00,2006,Industrial aggregate excluding unclassified businesses,824.64,42881.28,748.7,38932.4,750.35,39018.2,671.65,34925.8,666.57,34661.64,706.87,36757.24,662.6,34455.2,782.2,40674.4,628,32656,698.94,36344.88,702.6,36535.2
5619,8CA3CDFB-1A8C-425E-B454-64AA255588BA,5619,1435599444,710753,1435599444,710753,,2006-06-01T00:00:00,2006,Industrial aggregate excluding unclassified businesses,809.03,42069.56,742.35,38602.2,753.77,39196.04,691.44,35954.88,671.62,34924.24,702.87,36549.24,678.54,35284.08,784.84,40811.68,627.4,32624.8,715.48,37204.96,707.28,36778.56
5620,D710E72B-4A40-4FFD-AE79-7845B8636127,5620,1435599444,710753,1435599444,710753,,2006-07-01T00:00:00,2006,Industrial aggregate excluding unclassified businesses,817.47,42508.44,739.37,38447.24,750.98,39050.96,680.69,35395.88,666.76,34671.52,703.26,36569.52,675.41,35121.32,782.64,40697.28,608.19,31625.88,707.15,36771.8,707.14,36771.28
5621,7E43B66A-48FC-44D6-A98C-F1658270FEF0,5621,1435599444,710753,1435599444,710753,,2006-08-01T00:00:00,2006,Industrial aggregate excluding unclassified businesses,817.2,42494.4,733.75,38155,754.22,39219.44,678.08,35260.16,666.59,34662.68,701.91,36499.32,677.12,35210.24,784.06,40771.12,607.28,31578.56,722.64,37577.28,701.03,36453.56
5622,4540C46A-58A3-4509-A3F8-DF86C9E202DF,5622,1435599444,710753,1435599444,710753,,2006-09-01T00:00:00,2006,Industrial aggregate excluding unclassified businesses,827.29,43019.08,748.3,38911.6,757.15,39371.8,694.7,36124.4,680.08,35364.16,713.53,37103.56,675.86,35144.72,793.66,41270.32,625.31,32516.12,700.16,36408.32,710.12,36926.24
5623,7F99932B-DA47-41B4-BE28-FE46909C9A69,5623,1435599444,710753,1435599444,710753,,2006-10-01T00:00:00,2006,Industrial aggregate excluding unclassified businesses,842.57,43813.64,751.64,39085.28,761.69,39607.88,692.35,36002.2,680.81,35402.12,713.9,37122.8,671.73,34929.96,796.44,41414.88,622.92,32391.84,704.99,36659.48,717.13,37290.76
5624,CB264143-D073-445D-936C-AE439DB10D36,5624,1435599444,710753,1435599444,710753,,2006-11-01T00:00:00,2006,Industrial aggregate excluding unclassified businesses,822.22,42755.44,736.59,38302.68,760.42,39541.84,689.81,35870.12,687.34,35741.68,706.36,36730.72,677.32,35220.64,791.94,41180.88,630.17,32768.84,726.38,37771.76,705.6,36691.2
5625,3E51E44B-0FCF-43CD-9FB0-08A5AC0B91DC,5625,1435599444,710753,1435599444,710753,,2006-12-01T00:00:00,2006,Industrial aggregate excluding unclassified businesses,845.36,43958.72,766.66,39866.32,773.45,40219.4,717.12,37290.24,698.05,36298.6,726.71,37788.92,686.59,35702.68,806.65,41945.8,647.11,33649.72,717.51,37310.52,726.55,37780.6
5626,FF942B08-06B3-4781-AF5F-CB24E45AA277,5626,1435599444,710753,1435599444,710753,,2007-01-01T00:00:00,2007,Industrial aggregate excluding unclassified businesses,854.96,44457.92,762.68,39659.36,773.73,40233.96,707.73,36801.96,696.82,36234.64,729.26,37921.52,681.76,35451.52,807.77,42004.04,642.43,33406.36,714.54,37156.08,732.72,38101.44
5627,C52801CA-38C4-4E62-8250-37877C5D6CA7,5627,1435599444,710753,1435599444,710753,,2007-02-01T00:00:00,2007,Industrial aggregate excluding unclassified businesses,853.84,44399.68,758.66,39450.32,776.53,40379.56,714.22,37139.44,700.51,36426.52,721.53,37519.56,685.84,35663.68,809.89,42114.28,645.75,33579,724.67,37682.84,732.27,38078.04
5628,F161F122-4638-474B-B0E0-B179D4DEDBB3,5628,1435599444,710753,1435599444,710753,,2007-03-01T00:00:00,2007,Industrial aggregate excluding unclassified businesses,850.7,44236.4,759.08,39472.16,784.01,40768.52,724.61,37679.72,708.73,36853.96,731.68,38047.36,702.86,36548.72,816.33,42449.16,661.79,34413.08,741.7,38568.4,738.86,38420.72
5629,31DB9C5F-E95C-499B-B69C-C005452F86A1,5629,1435599444,710753,1435599444,710753,,2007-04-01T00:00:00,2007,Industrial aggregate excluding unclassified businesses,857.63,44596.76,766.23,39843.96,781.52,40639.04,719.08,37392.16,703.84,36599.68,738.92,38423.84,689.61,35859.72,815.2,42390.4,648.19,33705.88,728.52,37883.04,733.57,38145.64
5630,23BA11D2-D51C-4E9C-8886-02D2C2175C66,5630,1435599444,710753,1435599444,710753,,2007-05-01T00:00:00,2007,Industrial aggregate excluding unclassified businesses,849.73,44185.96,757.83,39407.16,784.79,40809.08,711.28,36986.56,709.09,36872.68,728.27,37870.04,701.21,36462.92,815.04,42382.08,645.08,33544.16,752.91,39151.32,734.84,38211.68
5631,ABF0652E-3385-42DB-B120-1F6E210F3853,5631,1435599444,710753,1435599444,710753,,2007-06-01T00:00:00,2007,Industrial aggregate excluding unclassified businesses,874.78,45488.56,781.65,40645.8,792.83,41227.16,735.08,38224.16,709.27,36882.04,740.65,38513.8,706.09,36716.68,827.65,43037.8,644.68,33523.36,733.7,38152.4,754.63,39240.76
5632,063A9378-DA6E-4DE5-9908-47299CF0066D,5632,1435599444,710753,1435599444,710753,,2007-07-01T00:00:00,2007,Industrial aggregate excluding unclassified businesses,878.76,45695.52,770.76,40079.52,788.23,40987.96,723.46,37619.92,699.33,36365.16,737.91,38371.32,693.87,36081.24,819.07,42591.64,625.36,32518.72,737.81,38366.12,746.2,38802.4
5633,15E43487-D939-47E8-BA34-1D7D174567E2,5633,1435599444,710753,1435599444,710753,,2007-08-01T00:00:00,2007,Industrial aggregate excluding unclassified businesses,863.34,44893.68,761.89,39618.28,784.12,40774.24,723.55,37624.6,701.18,36461.36,727.78,37844.56,697.54,36272.08,814.41,42349.32,627.68,32639.36,741.36,38550.72,739.08,38432.16
5634,B633F4AD-C82A-4D90-8913-9652F0C650F9,5634,1435599444,710753,1435599444,710753,,2007-09-01T00:00:00,2007,Industrial aggregate excluding unclassified businesses,889.34,46245.68,773.3,40211.6,790.83,41123.16,725.99,37751.48,706.19,36721.88,740.2,38490.4,688.71,35812.92,820.11,42645.72,637.27,33138.04,737.29,38339.08,761.11,39577.72
5635,D8087A10-6083-4B34-B482-153D1A7A6B4B,5635,1435599444,710753,1435599444,710753,,2007-10-01T00:00:00,2007,Industrial aggregate excluding unclassified businesses,898.35,46714.2,777.97,40454.44,793.56,41265.12,732.68,38099.36,713.49,37101.48,743.79,38677.08,686.09,35676.68,823.31,42812.12,640.49,33305.48,734.54,38196.08,757.42,39385.84
5636,9F96EB56-C859-4A53-BD26-D810B7AD9F47,5636,1435599444,710753,1435599444,710753,,2007-11-01T00:00:00,2007,Industrial aggregate excluding unclassified businesses,886.73,46109.96,778.59,40486.68,799.17,41556.84,739.94,38476.88,719.72,37425.44,741.63,38564.76,699.24,36360.48,830.69,43195.88,657.05,34166.6,748.61,38927.72,756.88,39357.76
5637,8AE19A34-6586-43C4-A130-EF3A0247E7EB,5637,1435599444,710753,1435599444,710753,,2007-12-01T00:00:00,2007,Industrial aggregate excluding unclassified businesses,890.7,46316.4,782.8,40705.6,799.48,41572.96,736.98,38322.96,723.41,37617.32,741.36,38550.72,702.3,36519.6,828.37,43075.24,664.98,34578.96,746.4,38812.8,769.23,39999.96
5638,F9A4A504-1C0E-4163-98C7-C2DA43D82DC0,5638,1435599444,710753,1435599444,710753,,2008-01-01T00:00:00,2008,Industrial aggregate excluding unclassified businesses,884.75,46007,769.03,39989.56,797.52,41471.04,727.19,37813.88,717.77,37324.04,741.54,38560.08,701.96,36501.92,829.96,43157.92,656.31,34128.12,749.64,38981.28,758.43,39438.36
5639,3A2DE791-DAD0-4D2C-AD3F-21EB4D6FE815,5639,1435599444,710753,1435599444,710753,,2008-02-01T00:00:00,2008,Industrial aggregate excluding unclassified businesses,922.82,47986.64,794.93,41336.36,809.57,42097.64,752.05,39106.6,724.79,37689.08,751.24,39064.48,703.08,36560.16,844.43,43910.36,662.03,34425.56,735.04,38222.08,776.17,40360.84
5640,F9D51F98-D6EE-4003-A36D-09607F72B10F,5640,1435599444,710753,1435599444,710753,,2008-03-01T00:00:00,2008,Industrial aggregate excluding unclassified businesses,919.04,47790.08,788.66,41010.32,808.43,42038.36,742.82,38626.64,721.88,37537.76,757.38,39383.76,703.61,36587.72,836.65,43505.8,657.41,34185.32,749.81,38990.12,774.82,40290.64
5641,BD6BA373-66A1-4EB6-86BA-B79E6F691568,5641,1435599444,710753,1435599444,710753,,2008-04-01T00:00:00,2008,Industrial aggregate excluding unclassified businesses,916.76,47671.52,792.34,41201.68,810.42,42141.84,745.34,38757.68,722.86,37588.72,762.49,39649.48,707.55,36792.6,837.25,43537,664.16,34536.32,755.15,39267.8,781.84,40655.68
5642,F9DDDC38-346B-4FFC-B55D-63246A9203A9,5642,1435599444,710753,1435599444,710753,,2008-05-01T00:00:00,2008,Industrial aggregate excluding unclassified businesses,899.01,46748.52,785.46,40843.92,806.89,41958.28,742.78,38624.56,726.55,37780.6,760.89,39566.28,714.59,37158.68,834.92,43415.84,669.08,34792.16,759.39,39488.28,769.62,40020.24
5643,95534D96-8060-452A-8A5F-CDBEA041611C,5643,1435599444,710753,1435599444,710753,,2008-06-01T00:00:00,2008,Industrial aggregate excluding unclassified businesses,922.17,47952.84,792.15,41191.8,811.88,42217.76,745.33,38757.16,724.78,37688.56,765.74,39818.48,712.56,37053.12,842.92,43831.84,647.95,33693.4,750.63,39032.76,784.3,40783.6
5644,A1F4BC46-2AB7-49FC-A341-FC3631E889F8,5644,1435599444,710753,1435599444,710753,,2008-07-01T00:00:00,2008,Industrial aggregate excluding unclassified businesses,905.63,47092.76,774.61,40279.72,807.36,41982.72,737.05,38326.6,733.85,38160.2,758.9,39462.8,720.38,37459.76,831.8,43253.6,654.23,34019.96,768.93,39984.36,773.56,40225.12
5645,BE8B3645-310A-4AE1-9519-7B3833716166,5645,1435599444,710753,1435599444,710753,,2008-08-01T00:00:00,2008,Industrial aggregate excluding unclassified businesses,922.4,47964.8,793.14,41243.28,805.97,41910.44,746.93,38840.36,733.82,38158.64,770.91,40087.32,715.99,37231.48,833.26,43329.52,650.44,33822.88,736.34,38289.68,791.19,41141.88
5646,3952D978-C446-4534-A8D3-7E1CAC61E71B,5646,1435599444,710753,1435599444,710753,,2008-09-01T00:00:00,2008,Industrial aggregate excluding unclassified businesses,945.23,49151.96,799.7,41584.4,813.15,42283.8,748.01,38896.52,732.9,38110.8,773.05,40198.6,713.48,37100.96,838.19,43585.88,649.94,33796.88,743.16,38644.32,796.66,41426.32
5647,258C8A4E-774F-494F-873E-FB3296BCBCD7,5647,1435599444,710753,1435599444,710753,,2008-10-01T00:00:00,2008,Industrial aggregate excluding unclassified businesses,929.89,48354.28,791.18,41141.36,817.93,42532.36,749.84,38991.68,741.1,38537.2,774.91,40295.32,717.62,37316.24,845.8,43981.6,664.81,34570.12,762.61,39655.72,790.85,41124.2
5648,735C8BA5-D4F2-4F8E-BC9E-16EA93F8FB3C,5648,1435599444,710753,1435599444,710753,,2008-11-01T00:00:00,2008,Industrial aggregate excluding unclassified businesses,952.59,49534.68,796,41392,818.72,42573.44,747.92,38891.84,738.73,38413.96,788.43,40998.36,716.72,37269.44,846.39,44012.28,664.67,34562.84,749.08,38952.16,797.31,41460.12
5649,0D0813A2-A6E2-41FE-9F24-55FC1D84818D,5649,1435599444,710753,1435599444,710753,,2008-12-01T00:00:00,2008,Industrial aggregate excluding unclassified businesses,946.64,49225.28,789.85,41072.2,814.47,42352.44,757.94,39412.88,736.79,38313.08,780.99,40611.48,724.78,37688.56,837.5,43550,681.49,35437.48,749.77,38988.04,790.61,41111.72
5650,515E7663-F963-4A79-9C00-B9B32C8A071F,5650,1435599444,710753,1435599444,710753,,2009-01-01T00:00:00,2009,Industrial aggregate excluding unclassified businesses,945,49140,792.58,41214.16,815.09,42384.68,763.32,39692.64,742.42,38605.84,775.89,40346.28,720.94,37488.88,842.29,43799.08,688.51,35802.52,741.62,38564.24,797.72,41481.44
5651,8E8BAE10-4FDC-4FF3-BF20-BD18D0F40985,5651,1435599444,710753,1435599444,710753,,2009-02-01T00:00:00,2009,Industrial aggregate excluding unclassified businesses,963.38,50095.76,793.71,41272.92,824.64,42881.28,766.19,39841.88,745.6,38771.2,784.47,40792.44,727.75,37843,853.11,44361.72,699.09,36352.68,752.92,39151.84,797.78,41484.56
5652,6824E5F7-072D-4F16-9FC9-4045C8332E76,5652,1435599444,710753,1435599444,710753,,2009-03-01T00:00:00,2009,Industrial aggregate excluding unclassified businesses,962.1,50029.2,798.7,41532.4,824.29,42863.08,768.18,39945.36,746.4,38812.8,799.76,41587.52,728,37856,851.62,44284.24,694.32,36104.64,751.39,39072.28,796.16,41400.32
5653,C54B7EA1-3950-4C03-8588-CAA638F7D9AB,5653,1435599444,710753,1435599444,710753,,2009-04-01T00:00:00,2009,Industrial aggregate excluding unclassified businesses,935,48620,788.63,41008.76,817.56,42513.12,753.26,39169.52,741.42,38553.84,797.85,41488.2,728.52,37883.04,847.22,44055.44,696.95,36241.4,755.58,39290.16,783.11,40721.72
5654,6E1F0807-B98D-405E-8BDA-45F2E6327614,5654,1435599444,710753,1435599444,710753,,2009-05-01T00:00:00,2009,Industrial aggregate excluding unclassified businesses,942.96,49033.92,794.39,41308.28,815.67,42414.84,753.14,39163.28,742.13,38590.76,805.45,41883.4,733.46,38139.92,840.15,43687.8,695.54,36168.08,750.67,39034.84,790.75,41119
5655,B55F4FFC-CEF0-4487-80C2-6D7B0C62152F,5655,1435599444,710753,1435599444,710753,,2009-06-01T00:00:00,2009,Industrial aggregate excluding unclassified businesses,952.69,49539.88,793.85,41280.2,822.73,42781.96,762.49,39649.48,741.58,38562.16,798.01,41496.52,733.04,38118.08,845.78,43980.56,689.47,35852.44,766.27,39846.04,802.48,41728.96
5656,877B1A3A-AE27-4DCD-864B-21D2C4A739DD,5656,1435599444,710753,1435599444,710753,,2009-07-01T00:00:00,2009,Industrial aggregate excluding unclassified businesses,940.03,48881.56,788.56,41005.12,819.08,42592.16,764.9,39774.8,756.55,39340.6,803.36,41774.72,728.98,37906.96,840.52,43707.04,686.5,35698,767.99,39935.48,792.2,41194.4
5657,11FC9444-8C33-40E8-ADF1-BF28FCD835BC,5657,1435599444,710753,1435599444,710753,,2009-08-01T00:00:00,2009,Industrial aggregate excluding unclassified businesses,932.93,48512.36,785.32,40836.64,815.98,42430.96,759.85,39512.2,749.25,38961,789.07,41031.64,730.7,37996.4,841.15,43739.8,674.05,35050.6,761.01,39572.52,796.63,41424.76
5658,2E5AD0D7-474C-44BE-B796-B489243DF9EA,5658,1435599444,710753,1435599444,710753,,2009-09-01T00:00:00,2009,Industrial aggregate excluding unclassified businesses,951.29,49467.08,797.21,41454.92,825.84,42943.68,775.83,40343.16,762.58,39654.16,799.43,41570.36,735.82,38262.64,850.76,44239.52,687.65,35757.8,764.06,39731.12,811.7,42208.4
5659,D6ADAC62-C07B-4EA6-BDF6-71B3834CE2D1,5659,1435599444,710753,1435599444,710753,,2009-10-01T00:00:00,2009,Industrial aggregate excluding unclassified businesses,947.97,49294.44,803.06,41759.12,825.31,42916.12,778.88,40501.76,748.29,38911.08,812.18,42233.36,714.57,37157.64,851.96,44301.92,695.79,36181.08,760.59,39550.68,812.38,42243.76
5660,AC4CDF31-3665-41AA-935F-898EED6FB707,5660,1435599444,710753,1435599444,710753,,2009-11-01T00:00:00,2009,Industrial aggregate excluding unclassified businesses,960.62,49952.24,797.56,41473.12,828.3,43071.6,766.44,39854.88,752.76,39143.52,822.36,42762.72,725.05,37702.6,856.3,44527.6,687.27,35738.04,762.12,39630.24,814.68,42363.36
5661,981442D7-99DD-4958-A2AA-A2E51628E49F,5661,1435599444,710753,1435599444,710753,,2009-12-01T00:00:00,2009,Industrial aggregate excluding unclassified businesses,947.44,49266.88,809.36,42086.72,834.32,43384.64,767.55,39912.6,758.38,39435.76,820.61,42671.72,742.45,38607.4,865.5,45006,691.88,35977.76,767.77,39924.04,825.17,42908.84
5662,9A0F674D-3861-4B2E-B1FB-963D721E6E3B,5662,1435599444,710753,1435599444,710753,,2010-01-01T00:00:00,2010,Industrial aggregate excluding unclassified businesses,961.69,50007.88,802.01,41704.52,833.23,43327.96,764.38,39747.76,755.16,39268.32,816.06,42435.12,737.71,38360.92,865.9,45026.8,677.03,35205.56,759.51,39494.52,832.46,43287.92
5663,C24DD627-F0A2-4A7A-94B5-2EE93A6F7B06,5663,1435599444,710753,1435599444,710753,,2010-02-01T00:00:00,2010,Industrial aggregate excluding unclassified businesses,984.82,51210.64,812.78,42264.56,847.87,44089.24,776.32,40368.64,761.98,39622.96,837.14,43531.28,756.3,39327.6,882.54,45892.08,715,37180,770.93,40088.36,827.17,43012.84
5664,C34B42E1-D090-467C-88C0-605FF2C90E42,5664,1435599444,710753,1435599444,710753,,2010-03-01T00:00:00,2010,Industrial aggregate excluding unclassified businesses,991.31,51548.12,814.25,42341,845.81,43982.12,772.4,40164.8,761.71,39608.92,836.21,43482.92,747.4,38864.8,875.16,45508.32,711.22,36983.44,770.79,40081.08,835.17,43428.84
5665,B3D0F107-EB2D-4C8C-8AA7-16D4FD96CB72,5665,1435599444,710753,1435599444,710753,,2010-04-01T00:00:00,2010,Industrial aggregate excluding unclassified businesses,990.27,51494.04,814.64,42361.28,845.36,43958.72,772.82,40186.64,763.12,39682.24,836.03,43473.56,748.46,38919.92,871.83,45335.16,724.46,37671.92,775.21,40310.92,835.04,43422.08
5666,B2D72BE5-2D3C-47F4-B5B4-F67EE7024CB4,5666,1435599444,710753,1435599444,710753,,2010-05-01T00:00:00,2010,Industrial aggregate excluding unclassified businesses,983.03,51117.56,817.8,42525.6,844.65,43921.8,770.62,40072.24,749.74,38986.48,830.15,43167.8,756.3,39327.6,869.84,45231.68,729.36,37926.72,779.82,40550.64,831.17,43220.84
5667,51E956A6-5428-4FCE-B38F-CE41779FA606,5667,1435599444,710753,1435599444,710753,,2010-06-01T00:00:00,2010,Industrial aggregate excluding unclassified businesses,992.43,51606.36,810.73,42157.96,851.7,44288.4,777.77,40444.04,754.39,39228.28,836.27,43486.04,763.68,39711.36,877.9,45650.8,707.19,36773.88,791.92,41179.84,844.28,43902.56
5668,10617BBF-6B59-4024-86F6-0685E852CEC2,5668,1435599444,710753,1435599444,710753,,2010-07-01T00:00:00,2010,Industrial aggregate excluding unclassified businesses,983.72,51153.44,818.63,42568.76,849.38,44167.76,780.06,40563.12,753.29,39171.08,826.95,43001.4,766.62,39864.24,877.27,45618.04,683.01,35516.52,784.63,40800.76,834.27,43382.04
5669,E336B15B-5BD2-40D4-9F45-C9E9F6D7766B,5669,1435599444,710753,1435599444,710753,,2010-08-01T00:00:00,2010,Industrial aggregate excluding unclassified businesses,997.12,51850.24,817.24,42496.48,852.95,44353.4,779.57,40537.64,750.13,39006.76,834.42,43389.84,757.1,39369.2,882.11,45869.72,679.73,35345.96,784.93,40816.36,847.53,44071.56
5670,244B82F6-F74C-4202-8367-0A84493CD9D6,5670,1435599444,710753,1435599444,710753,,2010-09-01T00:00:00,2010,Industrial aggregate excluding unclassified businesses,994.17,51696.84,819.94,42636.88,862.5,44850,787,40924,763.27,39690.04,844.44,43910.88,762.74,39662.48,898.03,46697.56,692.13,35990.76,795.99,41391.48,846.1,43997.2
5671,A5B62350-472C-46E9-9BF9-D40F9AC5282C,5671,1435599444,710753,1435599444,710753,,2010-10-01T00:00:00,2010,Industrial aggregate excluding unclassified businesses,1007.02,52365.04,830.21,43170.92,860.25,44733,795.67,41374.84,765.73,39817.96,836.01,43472.52,759.11,39473.72,886.04,46074.08,712.84,37067.68,789.55,41056.6,862.21,44834.92
5672,B43EF832-C359-443D-ABE9-506D66C2B11C,5672,1435599444,710753,1435599444,710753,,2010-11-01T00:00:00,2010,Industrial aggregate excluding unclassified businesses,1011.4,52592.8,824.79,42889.08,864.23,44939.96,789.56,41057.12,769.37,40007.24,849.03,44149.56,757.47,39388.44,891.88,46377.76,718.23,37347.96,797.76,41483.52,859.2,44678.4
5673,FE2E4B10-F917-47DC-976C-7F998256E6A5,5673,1435599444,710753,1435599444,710753,,2010-12-01T00:00:00,2010,Industrial aggregate excluding unclassified businesses,994.73,51725.96,834.72,43405.44,868.07,45139.64,801.81,41694.12,778.68,40491.36,856.01,44512.52,778.99,40507.48,895.94,46588.88,732.23,38075.96,804.14,41815.28,860.52,44747.04
5674,E9CE2172-F34A-4197-9268-67F56E377FAD,5674,1435599444,710753,1435599444,710753,,2011-01-01T00:00:00,2011,Industrial aggregate excluding unclassified businesses,1030.23,53571.96,833.9,43362.8,871.06,45295.12,796.66,41426.32,784.91,40815.32,864.03,44929.56,755.24,39272.48,900.04,46802.08,717.14,37291.28,791.25,41145,881.43,45834.36
5675,7B12A0F2-DDFC-47E5-8536-C60C1AD609C1,5675,1435599444,710753,1435599444,710753,,2011-02-01T00:00:00,2011,Industrial aggregate excluding unclassified businesses,1042.48,54208.96,842.21,43794.92,877.32,45620.64,800.25,41613,785.16,40828.32,882.71,45900.92,760.68,39555.36,903.91,47003.32,718.23,37347.96,800.47,41624.44,859.99,44719.48
5676,27213EBD-90FC-4977-8B1B-C4B30E945E54,5676,1435599444,710753,1435599444,710753,,2011-03-01T00:00:00,2011,Industrial aggregate excluding unclassified businesses,1027.54,53432.08,831.42,43233.84,873.52,45423.04,797.22,41455.44,787.89,40970.28,879.89,45754.28,764.78,39768.56,900.66,46834.32,733.39,38136.28,802.88,41749.76,862.46,44847.92
5677,DA72DF6E-E207-4909-845C-C489159118C0,5677,1435599444,710753,1435599444,710753,,2011-04-01T00:00:00,2011,Industrial aggregate excluding unclassified businesses,1032.66,53698.32,842.27,43798.04,869.47,45212.44,799.87,41593.24,790.98,41130.96,873.17,45404.84,761.8,39613.6,889.91,46275.32,723.85,37640.2,793.53,41263.56,873,45396
5678,295B1713-6642-4144-945F-389614E14422,5678,1435599444,710753,1435599444,710753,,2011-05-01T00:00:00,2011,Industrial aggregate excluding unclassified businesses,1031.81,53654.12,844.69,43923.88,869.04,45190.08,800.12,41606.24,782.27,40678.04,869.87,45233.24,761.41,39593.32,889.35,46246.2,728.64,37889.28,796.45,41415.4,849.61,44179.72
5679,7AF4E650-D766-4D2F-910C-A18048B44947,5679,1435599444,710753,1435599444,710753,,2011-06-01T00:00:00,2011,Industrial aggregate excluding unclassified businesses,1024.12,53254.24,837.09,43528.68,871.32,45308.64,801.67,41686.84,776.84,40395.68,861.85,44816.2,773.11,40201.72,892.24,46396.48,714.54,37156.08,809.42,42089.84,851.75,44291
5680,5B00A40F-6F7C-4374-87B1-A14D37AD3D81,5680,1435599444,710753,1435599444,710753,,2011-07-01T00:00:00,2011,Industrial aggregate excluding unclassified businesses,1016.42,52853.84,828.6,43087.2,864.9,44974.8,799.38,41567.76,780.81,40602.12,872.43,45366.36,768.31,39952.12,882.32,45880.64,694.13,36094.76,804.26,41821.52,865.03,44981.56
5681,4E36F785-E3A8-43A5-8F00-8AEE855B53E9,5681,1435599444,710753,1435599444,710753,,2011-08-01T00:00:00,2011,Industrial aggregate excluding unclassified businesses,1040.53,54107.56,836.07,43475.64,867.68,45119.36,805.12,41866.24,779.72,40545.44,870.06,45243.12,765.45,39803.4,882.98,45914.96,695.93,36188.36,794,41288,883.31,45932.12
5682,E17E2A1D-A36F-471D-9CBE-F85C27E95567,5682,1435599444,710753,1435599444,710753,,2011-09-01T00:00:00,2011,Industrial aggregate excluding unclassified businesses,1026.41,53373.32,840.23,43691.96,869.71,45224.92,804.25,41821,789.36,41046.72,884.34,45985.68,755.59,39290.68,883.85,45960.2,722.29,37559.08,804.71,41844.92,897.27,46658.04
5683,73E7A4C4-5F04-4707-82AB-5E0CDB6CD098,5683,1435599444,710753,1435599444,710753,,2011-10-01T00:00:00,2011,Industrial aggregate excluding unclassified businesses,1051.14,54659.28,847.66,44078.32,882.05,45866.6,804.87,41853.24,795.26,41353.52,899.15,46755.8,760.34,39537.68,900.32,46816.64,718.82,37378.64,811.75,42211,891.84,46375.68
5684,EC514246-17FB-4C00-BEA9-A51E3B3E72AC,5684,1435599444,710753,1435599444,710753,,2011-11-01T00:00:00,2011,Industrial aggregate excluding unclassified businesses,1049.67,54582.84,847.63,44076.76,880.44,45782.88,801.77,41692.04,799.89,41594.28,891.23,46343.96,773.94,40244.88,893.9,46482.8,738.85,38420.2,813.94,42324.88,894.83,46531.16
5685,8BE52CE5-675B-4941-AB8B-F0C76066872A,5685,1435599444,710753,1435599444,710753,,2011-12-01T00:00:00,2011,Industrial aggregate excluding unclassified businesses,1036.98,53922.96,854.8,44449.6,883.91,45963.32,804.59,41838.68,794.52,41315.04,899.71,46784.92,780.79,40601.08,900.49,46825.48,734.86,38212.72,818.7,42572.4,891.22,46343.44
5686,F0664DB9-43B9-40F4-AEC1-2067BA535408,5686,1435599444,710753,1435599444,710753,,2012-01-01T00:00:00,2012,Industrial aggregate excluding unclassified businesses,1052.79,54745.08,858.34,44633.68,883.36,45934.72,815.75,42419,793.02,41237.04,905.48,47084.96,771.54,40120.08,900.85,46844.2,726.08,37756.16,800.62,41632.24,909,47268
5687,5330108A-D6EC-4592-ACD5-37C33AC31108,5687,1435599444,710753,1435599444,710753,,2012-02-01T00:00:00,2012,Industrial aggregate excluding unclassified businesses,1067.39,55504.28,861.64,44805.28,887.67,46158.84,805.09,41864.68,801.2,41662.4,912.5,47450,769.19,39997.88,901.14,46859.28,733.4,38136.8,809.7,42104.4,906.18,47121.36
5688,7CF4A7D8-FF62-4AF1-ABE3-CC8256DD0E91,5688,1435599444,710753,1435599444,710753,,2012-03-01T00:00:00,2012,Industrial aggregate excluding unclassified businesses,1058.46,55039.92,862.37,44843.24,890,46280,821.13,42698.76,807.7,42000.4,920.15,47847.8,777.65,40437.8,900.75,46839,756.8,39353.6,818.84,42579.68,911.63,47404.76
5689,26FC3C58-58E5-4878-8415-8EAA362B2675,5689,1435599444,710753,1435599444,710753,,2012-04-01T00:00:00,2012,Industrial aggregate excluding unclassified businesses,1060.7,55156.4,861.49,44797.48,888.88,46221.76,813.3,42291.6,806.78,41952.56,927.87,48249.24,776.37,40371.24,903.08,46960.16,735.01,38220.52,812.53,42251.56,902.61,46935.72
5690,935C3BF3-D160-4014-AC08-E0ADFC440539,5690,1435599444,710753,1435599444,710753,,2012-05-01T00:00:00,2012,Industrial aggregate excluding unclassified businesses,1040.93,54128.36,851.32,44268.64,887.88,46169.76,809.88,42113.76,806.65,41945.8,916.01,47632.52,789.9,41074.8,899.3,46763.6,756.25,39325,831.37,43231.24,896.36,46610.72
5691,FA8781DD-3857-479F-B167-E9B189BDE337,5691,1435599444,710753,1435599444,710753,,2012-06-01T00:00:00,2012,Industrial aggregate excluding unclassified businesses,1063.52,55303.04,870.97,45290.44,894.78,46528.56,827.63,43036.76,810.46,42143.92,920.49,47865.48,792.77,41224.04,912.51,47450.52,753.98,39206.96,810.39,42140.28,914.58,47558.16
5692,988892D9-FC24-4F91-A2F9-F03BC2210C20,5692,1435599444,710753,1435599444,710753,,2012-07-01T00:00:00,2012,Industrial aggregate excluding unclassified businesses,1074.05,55850.6,868.29,45151.08,896.94,46640.88,823.78,42836.56,805.55,41888.6,934.76,48607.52,790.05,41082.6,908.46,47239.92,724.34,37665.68,820.59,42670.68,926.99,48203.48
5693,B3271B82-FE8D-4C1B-9991-CFA3D1571B4C,5693,1435599444,710753,1435599444,710753,,2012-08-01T00:00:00,2012,Industrial aggregate excluding unclassified businesses,1080.71,56196.92,859.92,44715.84,899.43,46770.36,833.05,43318.6,808.42,42037.84,940.65,48913.8,792.79,41225.08,903.5,46982,720.63,37472.76,836.06,43475.12,932.18,48473.36
5694,533B5792-2260-4620-BF6A-F5BED9A27524,5694,1435599444,710753,1435599444,710753,,2012-09-01T00:00:00,2012,Industrial aggregate excluding unclassified businesses,1081.71,56248.92,864.42,44949.84,898.6,46727.2,833.79,43357.08,805.12,41866.24,937.27,48738.04,793.77,41276.04,904.57,47037.64,728.82,37898.64,829.48,43132.96,927.79,48245.08
5695,569E79EE-639D-47F3-AD9C-BDFA801F3E07,5695,1435599444,710753,1435599444,710753,,2012-10-01T00:00:00,2012,Industrial aggregate excluding unclassified businesses,1096.41,57013.32,871.42,45313.84,903.29,46971.08,830.94,43208.88,813.12,42282.24,935.94,48668.88,789.91,41075.32,908.84,47259.68,726.81,37794.12,830.44,43182.88,931.35,48430.2
5696,6D9686F2-5DA8-456E-BA2B-7CA682010419,5696,1435599444,710753,1435599444,710753,,2012-11-01T00:00:00,2012,Industrial aggregate excluding unclassified businesses,1080.35,56178.2,872.63,45376.76,903.67,46990.84,824.67,42882.84,810.5,42146,932,48464,804.97,41858.44,910.42,47341.84,750.13,39006.76,837.72,43561.44,923,47996
5697,F97C3E95-AC6A-4539-A483-28E040565E24,5697,1435599444,710753,1435599444,710753,,2012-12-01T00:00:00,2012,Industrial aggregate excluding unclassified businesses,1088.62,56608.24,880.23,45771.96,908.37,47235.24,835.86,43464.72,810.92,42167.84,933.54,48544.08,807.32,41980.64,917.85,47728.2,753.02,39157.04,832.68,43299.36,933.32,48532.64
5698,9D12219E-9D5F-4748-8D27-611696A876B6,5698,1435599444,710753,1435599444,710753,,2013-01-01T00:00:00,2013,Industrial aggregate excluding unclassified businesses,1069.35,55606.2,861.75,44811,898.44,46718.88,821.84,42735.68,801.75,41691,934.45,48591.4,783.89,40762.28,913.98,47526.96,738.67,38410.84,823.66,42830.32,923.96,48045.92
5699,79BDCDF0-F30D-4590-9EE0-2039C59725E9,5699,1435599444,710753,1435599444,710753,,2013-02-01T00:00:00,2013,Industrial aggregate excluding unclassified businesses,1113.51,57902.52,881.2,45822.4,911.76,47411.52,815.61,42411.72,800.38,41619.76,952.15,49511.8,786.92,40919.84,922.47,47968.44,744.1,38693.2,826.54,42980.08,952.18,49513.36
5700,9D357A47-1446-4480-A689-C44D5C9584D8,5700,1435599444,710753,1435599444,710753,,2013-03-01T00:00:00,2013,Industrial aggregate excluding unclassified businesses,1105.64,57493.28,871.75,45331,905.22,47071.44,828.59,43086.68,793.96,41285.92,945.22,49151.44,785.75,40859,919.57,47817.64,761.85,39616.2,810.72,42157.44,953.97,49606.44
5701,94C0CC73-F7B5-4897-B541-7FF4AB1BF994,5701,1435599444,710753,1435599444,710753,,2013-04-01T00:00:00,2013,Industrial aggregate excluding unclassified businesses,1103.68,57391.36,873.5,45422,905.41,47081.32,821.34,42709.68,799.96,41597.92,946.36,49210.72,786.58,40902.16,914.38,47547.76,756.39,39332.28,824.85,42892.2,936.01,48672.52
5702,B58B635B-E2EE-45A8-9F4F-6568E68B9C8C,5702,1435599444,710753,1435599444,710753,,2013-05-01T00:00:00,2013,Industrial aggregate excluding unclassified businesses,1098.46,57119.92,876.4,45572.8,910.56,47349.12,814.72,42365.44,808.09,42020.68,940.26,48893.52,800.56,41629.12,918.32,47752.64,769.83,40031.16,841.69,43767.88,934.64,48601.28
5703,378CFFC8-4EC2-4366-B8FB-5CC173888992,5703,1435599444,710753,1435599444,710753,,2013-06-01T00:00:00,2013,Industrial aggregate excluding unclassified businesses,1097.71,57080.92,867.77,45124.04,911.94,47420.88,829.29,43123.08,809.5,42094,940.35,48898.2,803.66,41790.32,923.97,48046.44,755.63,39292.76,838.91,43623.32,948.34,49313.68
5704,5DD47F1F-78B5-448A-9BEC-19127963538A,5704,1435599444,710753,1435599444,710753,,2013-07-01T00:00:00,2013,Industrial aggregate excluding unclassified businesses,1099.53,57175.56,864.68,44963.36,906.82,47154.64,823.32,42812.64,799.99,41599.48,948.79,49337.08,808.55,42044.6,913.87,47521.24,738.7,38412.4,833.95,43365.4,946.31,49208.12
5705,CA3B5289-591D-42C7-B6EF-3287C29A36AA,5705,1435599444,710753,1435599444,710753,,2013-08-01T00:00:00,2013,Industrial aggregate excluding unclassified businesses,1093.14,56843.28,863.94,44924.88,907.3,47179.6,824.74,42886.48,801.43,41674.36,951.96,49501.92,802.88,41749.76,918.64,47769.28,736.48,38296.96,832.6,43295.2,942.2,48994.4
5706,8EDD7604-8740-4052-9DE5-2EE7C6B6D564,5706,1435599444,710753,1435599444,710753,,2013-09-01T00:00:00,2013,Industrial aggregate excluding unclassified businesses,1114.87,57973.24,869.32,45204.64,907.86,47208.72,821.79,42733.08,789.91,41075.32,955.14,49667.28,795.15,41347.8,912.23,47435.96,746.35,38810.2,832.54,43292.08,941.82,48974.64
5707,2B3F433E-87A4-46C4-B2C7-A813C7DD78CD,5707,1435599444,710753,1435599444,710753,,2013-10-01T00:00:00,2013,Industrial aggregate excluding unclassified businesses,1118.79,58177.08,867.56,45113.12,916.45,47655.4,822.38,42763.76,805.09,41864.68,966.96,50281.92,797.84,41487.68,921.12,47898.24,751.1,39057.2,851.45,44275.4,943.92,49083.84
5708,44FBD655-4B28-4250-9423-4C262834650A,5708,1435599444,710753,1435599444,710753,,2013-11-01T00:00:00,2013,Industrial aggregate excluding unclassified businesses,1137.21,59134.92,895.89,46586.28,922.36,47962.72,842.09,43788.68,824.87,42893.24,973.45,50619.4,806.92,41959.84,929.25,48321,757,39364,827.17,43012.84,958.33,49833.16
5709,491A22A7-3DBF-4CE9-B45E-F19FF09302B3,5709,1435599444,710753,1435599444,710753,,2013-12-01T00:00:00,2013,Industrial aggregate excluding unclassified businesses,1143.7,59472.4,898.29,46711.08,930.28,48374.56,864.26,44941.52,819.7,42624.4,972.75,50583,808.43,42038.36,933.53,48543.56,777.15,40411.8,844.09,43892.68,964.53,50155.56
5710,E4D70593-64BB-4FAE-8110-28E48B4B8397,5710,1435599444,710753,1435599444,710753,,2014-01-01T00:00:00,2014,Industrial aggregate excluding unclassified businesses,1115.88,58025.76,884.83,46011.16,920.18,47849.36,841.64,43765.28,807.5,41990,958.16,49824.32,801.59,41682.68,932.48,48488.96,770.86,40084.72,834.47,43392.44,941.24,48944.48
5711,8FE8E2A2-4381-4908-A386-4DEF1B4AD59B,5711,1435599444,710753,1435599444,710753,,2014-02-01T00:00:00,2014,Industrial aggregate excluding unclassified businesses,1147.69,59679.88,898.03,46697.56,933.15,48523.8,851.82,44294.64,823.19,42805.88,978.49,50881.48,813.83,42319.16,942,48984,770.26,40053.52,838.35,43594.2,970.05,50442.6
5712,B2999934-6E32-4839-9B37-ABED77B2C716,5712,1435599444,710753,1435599444,710753,,2014-03-01T00:00:00,2014,Industrial aggregate excluding unclassified businesses,1155.43,60082.36,898.1,46701.2,930.78,48400.56,855.63,44492.76,812.96,42273.92,983.21,51126.92,809.56,42097.12,934.52,48595.04,774.89,40294.28,836.34,43489.68,967.05,50286.6
5713,60B9A0AD-EC32-4838-82BC-D57C2BDD4ABC,5713,1435599444,710753,1435599444,710753,,2014-04-01T00:00:00,2014,Industrial aggregate excluding unclassified businesses,1147.73,59681.96,895.4,46560.8,931.12,48418.24,857.99,44615.48,831.93,43260.36,989.21,51438.92,817.48,42508.96,932.63,48496.76,779.9,40554.8,842.97,43834.44,975.6,50731.2
5714,0AE29FF3-CDD5-4F6E-91FA-89E5F0129CA8,5714,1435599444,710753,1435599444,710753,,2014-05-01T00:00:00,2014,Industrial aggregate excluding unclassified businesses,1134.33,58985.16,896.84,46635.68,932.72,48501.44,852.31,44320.12,834.73,43405.96,990.5,51506,827.56,43033.12,935.16,48628.32,773.62,40228.24,856.27,44526.04,958.68,49851.36
5715,BA6F0115-912C-4CF5-9C56-A4457AC14AF4,5715,1435599444,710753,1435599444,710753,,2014-06-01T00:00:00,2014,Industrial aggregate excluding unclassified businesses,1151.22,59863.44,888.03,46177.56,938.57,48805.64,867.75,45123,834.85,43412.2,996.14,51799.28,830.24,43172.48,943.52,49063.04,783.76,40755.52,857.08,44568.16,980.26,50973.52
5716,3BF02973-49DB-4DC5-AFA2-1A0A04C9DD48,5716,1435599444,710753,1435599444,710753,,2014-07-01T00:00:00,2014,Industrial aggregate excluding unclassified businesses,1138.21,59186.92,879.23,45719.96,939.3,48843.6,860.36,44738.72,842.7,43820.4,995.46,51763.92,830.68,43195.36,942.26,48997.52,757.95,39413.4,874.71,45484.92,978.14,50863.28
5717,02FFB60F-7DF1-46E5-AFD4-78EB2CD0E167,5717,1435599444,710753,1435599444,710753,,2014-08-01T00:00:00,2014,Industrial aggregate excluding unclassified businesses,1155.68,60095.36,897.9,46690.8,935.22,48631.44,875.09,45504.68,826.67,42986.84,985.76,51259.52,822.27,42758.04,936.16,48680.32,759.39,39488.28,843.54,43864.08,984.13,51174.76
5718,BC94046F-7D6D-4C17-9F37-2930D05A282B,5718,1435599444,710753,1435599444,710753,,2014-09-01T00:00:00,2014,Industrial aggregate excluding unclassified businesses,1159.89,60314.28,896.29,46607.08,934.74,48606.48,869.33,45205.16,836.43,43494.36,997.27,51858.04,811.21,42182.92,935.3,48635.6,757.86,39408.72,842.92,43831.84,979.19,50917.88
5719,03C8E1BF-4097-44F8-BBE7-EED2E44E3913,5719,1435599444,710753,1435599444,710753,,2014-10-01T00:00:00,2014,Industrial aggregate excluding unclassified businesses,1163.69,60511.88,901.86,46896.72,940.68,48915.36,872.41,45365.32,838.49,43601.48,1001.57,52081.64,820.12,42646.24,936.71,48708.92,774.24,40260.48,858.82,44658.64,984.95,51217.4
5720,8456038A-24AE-4EAC-ACEB-FEE4836B9BD1,5720,1435599444,710753,1435599444,710753,,2014-11-01T00:00:00,2014,Industrial aggregate excluding unclassified businesses,1160.77,60360.04,902.69,46939.88,937.83,48767.16,862.07,44827.64,838.71,43612.92,1007.37,52383.24,816.48,42456.96,938.67,48810.84,782.53,40691.56,844.51,43914.52,992.31,51600.12
5721,929B44CE-29DA-42D8-B7C3-C87C70D4C383,5721,1435599444,710753,1435599444,710753,,2014-12-01T00:00:00,2014,Industrial aggregate excluding unclassified businesses,1159.6,60299.2,904.11,47013.72,948.4,49316.8,886.94,46120.88,856.35,44530.2,1006.98,52362.96,836.76,43511.52,950.38,49419.76,803.66,41790.32,862.12,44830.24,991.3,51547.6
5722,F8CF4AB6-378A-4075-8BE7-6195EE417848,5722,1435599444,710753,1435599444,710753,,2015-01-01T00:00:00,2015,Industrial aggregate excluding unclassified businesses,1158.79,60257.08,911.57,47401.64,944.98,49138.96,875.17,45508.84,842.03,43785.56,1007.2,52374.4,830.52,43187.04,951.1,49457.2,794.39,41308.28,846.73,44029.96,982.6,51095.2
5723,F7A31164-A7FE-467F-A9F7-8A06954FB391,5723,1435599444,710753,1435599444,710753,,2015-02-01T00:00:00,2015,Industrial aggregate excluding unclassified businesses,1176.32,61168.64,919.2,47798.4,957.8,49805.6,873.35,45414.2,854.39,44428.28,1015.85,52824.2,829.09,43112.68,969.17,50396.84,792.26,41197.52,857.53,44591.56,991.21,51542.92
5724,58A68982-BF09-4DA2-9C86-094D9F52BB8F,5724,1435599444,710753,1435599444,710753,,2015-03-01T00:00:00,2015,Industrial aggregate excluding unclassified businesses,1173.23,61007.96,911.73,47409.96,956.5,49738,865.29,44995.08,848.22,44107.44,1022.75,53183,823.01,42796.52,968.75,50375,800.1,41605.2,861.1,44777.2,988.79,51417.08
5725,21789CE9-CD5C-4B1F-BAFF-B3D7C45E6F25,5725,1435599444,710753,1435599444,710753,,2015-04-01T00:00:00,2015,Industrial aggregate excluding unclassified businesses,1150.61,59831.72,899.15,46755.8,954.7,49644.4,864.69,44963.88,864.81,44970.12,1019.61,53019.72,835.31,43436.12,964.8,50169.6,809.92,42115.84,881.27,45826.04,977.35,50822.2
